{
  "timestamp": "2026-05-02T01:48:00.324730",
  "final_metrics": {
    "mAP": 0.3735325775997274,
    "keep_ratio": 0.8003823177220522,
    "latency_ms": 68.4136449671303
  }
}